issue,phase,file,capture_time_utc,css_viewport,raster_pixels,full_page,url,sha256,git_blob_sha,file_modified_utc_not_capture_time
"1463","before","before/issue-1463/admin-popup-edit-desktop1180.png","unknown","unknown","1180x757","unknown","unknown","a185cc4a8b8f8ced0716a36e95339640f6cd3cde29e1e0881d753765bcb5715b","b89decf7fc36a69feddbbe5831befaaec0de5a10","2026-10-01T13:22:32.533378+00:00"
"1463","before","before/issue-1463/admin-popup-edit-tablet787.png","unknown","unknown","787x505","unknown","unknown","8160568f234aebef3831510dad20c91f679da71b6949d9683afb2ba5ad048cb2","8386fa2474cd9e24499763057f012031c10253c3","2026-10-01T13:22:19.412968+00:00"
"1463","before","before/issue-1463/admin-popup-overflow-mobile402.png","unknown","unknown","402x606","unknown","unknown","38c237c873cce2eef889cd6675cf46c6e8b04bb891e5f8f9ade334028a8fc4bf","fe413146537fa2e257188e50d5203c01b49744b1","2026-10-01T13:17:34.200068+00:00"
"1461","before","before/issue-1461/admin-user-detail-cards-mobile402.png","unknown","unknown","402x606","unknown","unknown","f13a799e582ed9cd15fe6e6214b9e4fdf930e6046aeb395e9fea3ea837b8a426","2353fa31c1a4764850b0f1e36b56251a0dfe61b1","2026-10-01T13:11:33.056674+00:00"
"1461","before","before/issue-1461/admin-user-detail-desktop1180.png","unknown","unknown","1180x757","unknown","unknown","4100dd4f77c456c2e9e850a934c8c88d71155e05869ab8a5a3b8265cd7e99bce","260978d965ba701d17e09619fb9ec8bda20b164b","2026-10-01T13:12:01.745569+00:00"
"1461","before","before/issue-1461/admin-user-detail-mobile402.png","unknown","unknown","402x606","unknown","unknown","2b3673f1cf26341eb1bcc12aefe0ff8b936f99b3768cb9454f57df82c30e5769","7dd4181fc333025f5f0633f0df003c66456fa860","2026-10-01T13:11:04.983814+00:00"
"1461","before","before/issue-1461/admin-user-detail-repeated-teams-desktop1180.png","unknown","unknown","1180x757","unknown","unknown","8c7dace0b60ef8a6d450aee80222f3b1810d05758cff9904aa5d7ac1b776ec11","22c999239fbcfddf30794453baa7478a83303c63","2026-10-01T13:12:15.770005+00:00"
"1461","before","before/issue-1461/admin-user-detail-tablet787.png","unknown","unknown","787x505","unknown","unknown","be40be1dfd6fceede6f3b4952b2a550346346a37ecd201b38211025df20c5b24","42a4df0991a4f0eb0e97acd18f790bc36452ae41","2026-10-01T13:11:48.481155+00:00"
"1464","before","before/issue-1464/admin-inquiry-form-desktop1180.png","unknown","unknown","1180x757","unknown","unknown","9156f92551e546adc14353e2c803b91322ff1d08cf059fdfdfe8138b603c860b","2a87502159e0ff115995624a90e7ed3bb37c2959","2026-10-01T13:30:04.243515+00:00"
"1464","before","before/issue-1464/admin-inquiry-form-mobile402.png","unknown","unknown","402x606","unknown","unknown","e91c616d03254c9222d42187e38fde27f88404f0e9d29571d43af8ee23424190","06128caf6967134fd12b7d2709668b0c1316e649","2026-10-01T13:29:37.554684+00:00"
"1464","before","before/issue-1464/admin-inquiry-form-tablet787.png","unknown","unknown","787x505","unknown","unknown","7f38ec8bae03e1e5999f730da2252fb7f85d2e1c81971650cbddc7cef649cd16","4334553e001ccdd890c241736de71d8c5874f5d4","2026-10-01T13:29:50.911100+00:00"
"1464","before","before/issue-1464/admin-terms-fields-desktop1180.png","unknown","unknown","1180x757","unknown","unknown","465884df1a0dae7f059db37be07b4b02bf14854dd71904a57bc141010b5db03d","f2d8761e06edf76a19c35ae08b217ca4b605c5dc","2026-10-01T13:24:38.505332+00:00"
"1464","before","before/issue-1464/admin-terms-fields-mobile402.png","unknown","unknown","402x606","unknown","unknown","519012ba025938abf14dbf0b7c185cdecbb00442e7fde279cf4e81e3074298f1","ac03c574216566ee546aa274ccc3b67ac46bc440","2026-10-01T13:23:46.631703+00:00"
"1464","before","before/issue-1464/admin-terms-fields-tablet787.png","unknown","unknown","787x505","unknown","unknown","b2f0572627a700d827ddff42b8fd679c56cb90b53daec3a22d26bc6d61b834f3","71e90b1d04ad0fa493577f52e911257129ab9ed3","2026-10-01T13:24:22.460829+00:00"
"1483","before","before/issue-1483/admin-report-rank-desktop1180.png","unknown","unknown","1180x757","unknown","unknown","3baa26ebbf292f91fbb1843de8fbf1aef8618a19382be66d8232b2c86bbac990","58b686c4f84ba81d0e5feb5e64d4b0afdbac9a64","2026-10-01T13:48:53.798702+00:00"
"1483","before","before/issue-1483/admin-report-rank-mobile402.png","unknown","unknown","402x606","unknown","unknown","dd47ae61c7131d3a36f5e6ea9b19bd883adc5f05268dc31813e232bbcb34fc7e","83ffd0a9797c4452303c2bf337d8bb21faef61db","2026-10-01T13:47:36.272281+00:00"
"1483","before","before/issue-1483/admin-report-rank-tablet787.png","unknown","unknown","787x505","unknown","unknown","9f1e53c36329f6491495fcf2d8ffa8a8ca57214609f1629ec36927b55e4a3c9e","9350c7104daa999f7e9ee46bd70e940cefd1f8e1","2026-10-01T13:48:41.510318+00:00"
"1458","before","before/issue-1458/player-card-settings-desktop1180.png","unknown","unknown","1180x757","unknown","unknown","a5a674f42b67427b649debb1ca969ca1e54add2ea84a98c9a068a0ce0ef27388","a7addf1e0dbceeb8d85229d09e50c08c88c301f3","2026-10-01T13:01:01.993048+00:00"
"1458","before","before/issue-1458/player-card-settings-mobile402.png","unknown","unknown","402x606","unknown","unknown","9cb0d9c39b8ced349079bfae7d0f3571221dafc7449bd2a59c143b38138895a0","05c503f0df20eafdc56f9f4b8699596abb2cb88b","2026-10-01T13:00:39.712355+00:00"
"1458","before","before/issue-1458/player-card-settings-tablet787.png","unknown","unknown","787x505","unknown","unknown","62e089e7eea2ded81d70004303f4caf754eb63590918167e26be94a1899c8d5f","b3a223694ca510ed9bf84804a5bff28ec527c852","2026-10-01T13:00:50.404688+00:00"
"1458","before","before/issue-1458/real-name-setting-desktop1180.png","unknown","unknown","1180x757","unknown","unknown","4cc7d82cc57bd24a89bb64be94ded056bc0ad621eb0240231afe74015219360d","93ae334b4c8831d2266d14b543130b4a65080616","2026-10-01T13:00:02.067182+00:00"
"1458","before","before/issue-1458/real-name-setting-mobile402.png","unknown","unknown","402x606","unknown","unknown","e3c6e587b68d35c06c3966359780fcc3cced980333d77048e66f426c25c4f1ab","d534e4eddb64d2ec6ac5f835f4d86c48f9de5ce8","2026-10-01T13:00:15.375597+00:00"
"1458","before","before/issue-1458/real-name-setting-tablet787.png","unknown","unknown","787x505","unknown","unknown","0828772e4fc583514731cac3f37a0da511406cba16946837aabf74122b142340","28fabadb863b323177274fba5a75ad266e7aa634","2026-10-01T12:59:48.350755+00:00"
"1458","before","before/issue-1458/record-consent-duplicate-desktop1180.png","unknown","unknown","1180x757","unknown","unknown","3d573e2299b959b7a7aa6d977625a5f0175eaa321104664818ec3376b1e453e0","cb7cec1c6a50efcb8ea6056ca4ed187defa66a66","2026-10-01T12:58:10.683722+00:00"
"1458","before","before/issue-1458/record-consent-duplicate-mobile402.png","unknown","unknown","402x606","unknown","unknown","b551844bc7d16ec706a05aad9a717b2886702f26cd1695ef91d76ad8b6fb8d6b","f0982e22efe53553cdf1b93c5a3ba32ab520e96e","2026-10-01T12:58:41.220666+00:00"
"1458","before","before/issue-1458/record-consent-duplicate-tablet787.png","unknown","unknown","787x505","unknown","unknown","70edcb2bb34a8f7bcd1b64d5092d72da995e7f195c1c3512271a6af6ac9f4757","d0c25d005547cfb7ee71de262b22bd442b8e06f8","2026-10-01T12:58:57.741174+00:00"
"1407","before","before/issue-1407/friendly-empty-save-error-876.png","unknown","unknown","876x761","unknown","unknown","0b57a600d4df7c67e8a69fa0b4469e2d3dd8c23a2a9c8fabba157cacf50a0fc4","c96bc40d5f005d99498325fa434729c798526eab","unknown"
"1461","after","after/issue-1461/1461-member-mobile-405-teams.jpg","2026-10-02T01:41:14.586Z","405x606","405x606","false","https://alpha.teameet.co.kr/admin/users/59050e8a-db94-46b0-aeae-a2108a9703dc","70e7fb9dcbd5cb4a1b9ee681198ae8bb6f6329956e9df0e04a3d7271880e8432","8c4976b96809629497fd6dbbb5a1e935505c0568","2026-10-02T01:41:14.601233+00:00"
"1461","after","after/issue-1461/1461-member-desktop-1180.jpg","2026-10-02T01:41:37.997Z","1180x757","1180x3027","true","https://alpha.teameet.co.kr/admin/users/59050e8a-db94-46b0-aeae-a2108a9703dc","a7a99073bc86227479256093110dd49231ca7cd32b6d4f4b6d6b68515bb827b7","fad797c8ee7255562e6a8854058e3473f40b588f","2026-10-02T01:41:38.125203+00:00"
"1464","after","after/issue-1464/1464-terms-mobile-405.jpg","2026-10-02T01:42:58.301Z","405x606","405x606","false","https://alpha.teameet.co.kr/admin/content?tab=terms","e89674dbc5adfd6e67e3ea1e9547fb241feac7e1279356f4f4173b3232ba1d9e","3698be72cf75ae0726ccccbbc101d70881566337","2026-10-02T01:42:58.321101+00:00"
"1464","after","after/issue-1464/1464-terms-mobile-405-version.jpg","2026-10-02T01:43:18.825Z","405x606","405x606","false","https://alpha.teameet.co.kr/admin/content?tab=terms","7a28c3f84fe5cad104c8553a5d42bffa4b21401c4f3ed27568673f604de0a9eb","7426d4d9375466b46b81b5cc81750b892b03ccc7","2026-10-02T01:43:18.837075+00:00"
"1464","after","after/issue-1464/1464-terms-desktop-1180.jpg","2026-10-02T01:43:45.079Z","1180x757","1180x3359","true","https://alpha.teameet.co.kr/admin/content?tab=terms","a2802e9758d021887377a8665ebb5ca3cd00f00f4ab9ec0d753aaeb53c2a8d5f","cfe4524dc9d9da0feebbd468c0a5a4a99b8a2294","2026-10-02T01:43:45.229042+00:00"
"1464","after","after/issue-1464/1464-inquiry-desktop-1180.jpg","2026-10-02T01:44:59.137Z","1180x757","1180x1117","true","https://alpha.teameet.co.kr/admin/inquiries/954bbeb5-40dc-44ce-be02-6b4194b42812","a065cd32c8683907796fdf26873fdf853121e7f56f4b6a44ee0a4ce61159442c","cbdda85ad26e8a8c33ef5492ae147948abc13ede","2026-10-02T01:44:59.208947+00:00"
"1483","after","after/issue-1483/1483-report-count-desktop-1180.jpg","2026-10-02T01:45:48.486Z","1180x757","1180x757","true","https://alpha.teameet.co.kr/admin/inquiries?category=report","d3d1ba9d6fff87e2e0f14c4baf8cfc70215549191a1b9e8e0c76d170a17781f3","cc8a7846c03b09c939007468d90f7cc3eda5e281","2026-10-02T01:45:48.572882+00:00"
"1483","after","after/issue-1483/1483-report-rank-desktop-1180.jpg","2026-10-02T01:46:24.717Z","1180x757","1180x757","true","https://alpha.teameet.co.kr/admin/reports/teams","2ce249e81ffa8750a18c95464fec2b75502bfcb5509f1fa6319d5f59cd76c6e2","ec3743e69c248c46b61386a280e05f7d2cbe7e25","2026-10-02T01:46:24.804837+00:00"
"1463","after","after/issue-1463/1463-popup-mobile-405-selected-viewport.jpg","2026-10-02T01:49:20.768Z","405x606","405x606","false","https://alpha.teameet.co.kr/admin/content?tab=popups","f560ec70874df69caae475bbd97717f1ad75d7a4d0dcd73b38d23e52f66ba153","aac8c461c0ae9a04ceb5dd0ebbc51dab8cfb572b","2026-10-02T01:49:20.784612+00:00"
"1463","after","after/issue-1463/1463-popup-mobile-405-longpath-viewport.jpg","2026-10-02T01:49:20.998Z","405x606","405x606","false","https://alpha.teameet.co.kr/admin/content?tab=popups","4e9a9130791da632f7346a1b1e8e88d62008dcfcdbc2f23f85bf453a1b0d7d00","4427e9ee35ea57154cbd1d4456f874361f6a1ca7","2026-10-02T01:49:21.020612+00:00"
"1463","after","after/issue-1463/1463-popup-tablet-787-longpath-viewport.jpg","2026-10-02T01:49:39.820Z","787x505","787x505","false","https://alpha.teameet.co.kr/admin/content?tab=popups","6c8a5a176e96533cbad2796c13856787240f0ff7c31b34b8e5a4d0655775a0d9","fdfb36e483bbf94dc13a58a1b7110d781162cec8","2026-10-02T01:49:39.840588+00:00"
"1463","after","after/issue-1463/1463-popup-desktop-1180-longpath-viewport.jpg","2026-10-02T01:49:40.285Z","1180x757","1180x757","false","https://alpha.teameet.co.kr/admin/content?tab=popups","70dccc09c9fc02eba0bdb33bc595e386fccb3ca8f72873d095e561b797a33690","e232ef4e6a260008713db9ef7a38f30b67bd909c","2026-10-02T01:49:40.308587+00:00"
"1464","after","after/issue-1464/1464-inquiry-mobile-405-viewport.jpg","2026-10-02T01:50:10.541Z","405x606","405x606","false","https://alpha.teameet.co.kr/admin/inquiries/954bbeb5-40dc-44ce-be02-6b4194b42812","07272f96dbf55c666a2ec609db66e6849c16bb40df4058d6f8b99912dc5c1d8b","0c598faa742d7c2e2cb760b22a8ac86623f4e2d5","2026-10-02T01:50:10.552548+00:00"
"1464","after","after/issue-1464/1464-inquiry-mobile-405-status-viewport.jpg","2026-10-02T01:50:10.766Z","405x606","405x606","false","https://alpha.teameet.co.kr/admin/inquiries/954bbeb5-40dc-44ce-be02-6b4194b42812","2d4c3a1f06d9583f806c88c575570849963a9bd813b78df4ce3464cd98b16b69","365d9816013c1c6326b53cda7a67fabee5f38276","2026-10-02T01:50:10.784548+00:00"
"1464","after","after/issue-1464/1464-inquiry-tablet-787-viewport.jpg","2026-10-02T01:50:30.168Z","787x505","787x505","false","https://alpha.teameet.co.kr/admin/inquiries/954bbeb5-40dc-44ce-be02-6b4194b42812","c9ff11ee93fc6610ec45d37b871d1f50ec0f39e46f1f6893bad109e00222c5f5","5bd8b5e1edc5dadd85e292d904eb5345cf4d674f","2026-10-02T01:50:30.184523+00:00"
"1464","after","after/issue-1464/1464-inquiry-tablet-787-status-viewport.jpg","2026-10-02T01:50:30.385Z","787x505","787x505","false","https://alpha.teameet.co.kr/admin/inquiries/954bbeb5-40dc-44ce-be02-6b4194b42812","339e2cc85fbfd2c7fe110395b3ead7dc0736924f1a191f539326093a35720bd0","3370c5821ec79794ab2c3253f424c1ba5470f9a8","2026-10-02T01:50:30.408523+00:00"
"1483","after","after/issue-1483/1483-report-count-mobile-405-viewport.jpg","2026-10-02T01:50:57.990Z","405x606","405x606","false","https://alpha.teameet.co.kr/admin/inquiries?category=report","51db8f0080ceaec4acbcf8108b0d930da93878a03f569bcf648eb1709316408a","823ca4af4e7858995938445608a462a7b777e388","2026-10-02T01:50:58.012488+00:00"
"1483","after","after/issue-1483/1483-report-count-tablet-787-viewport.jpg","2026-10-02T01:51:00.027Z","787x505","787x505","false","https://alpha.teameet.co.kr/admin/inquiries?category=report","7cab468213eec447f28f978f811444fe697b97a29fb8ea7d719b7e55c648e2f9","ba2b09683bb72e80983310e8b6744f1006fe5b1e","2026-10-02T01:51:00.048485+00:00"
"1483","after","after/issue-1483/1483-report-rank-mobile-405-viewport.jpg","2026-10-02T01:51:17.570Z","405x606","405x606","false","https://alpha.teameet.co.kr/admin/reports/teams","3c5fb2dca0cd8cd3266b35ae8cf2b6fb9b072ff6c8e579e884e269350e78722c","2b7baf1417121d9ef0435a231b2d12ada19592b3","2026-10-02T01:51:17.584463+00:00"
"1483","after","after/issue-1483/1483-report-rank-tablet-787-viewport.jpg","2026-10-02T01:51:19.367Z","787x505","787x505","false","https://alpha.teameet.co.kr/admin/reports/teams","4e86866ac1b2594a13febcae21507c63b79839f8474e427a608aeb8698d739b5","94930a7f64d365e8ea3d6c4ba7c193dd7f1103b3","2026-10-02T01:51:19.384461+00:00"
"1464","after","after/issue-1464/1464-terms-tablet-787-viewport.jpg","2026-10-02T01:51:55.406Z","787x505","787x505","false","https://alpha.teameet.co.kr/admin/content?tab=terms","92c2ee61ced683709ec6b8b4cb10979c65fff872a0a7225a2d44238ad786eee8","250c7e8de45604a472209bc87fcecb23eaf737d1","2026-10-02T01:51:55.420416+00:00"
"1461","after","after/issue-1461/1461-member-tablet-787-viewport.jpg","2026-10-02T01:52:09.603Z","787x505","787x505","false","https://alpha.teameet.co.kr/admin/users/59050e8a-db94-46b0-aeae-a2108a9703dc","114e186e32062cdcb55f94f32b27dd5fbec6b1b37641d1bc7ff1cb17ff81a9b8","164281743152ee5a9f05eb33182296b863ea183c","2026-10-02T01:52:09.620414+00:00"
